{
  "main-0" : {
    "transaction" : "main-0",
    "sampleCount" : 10,
    "errorCount" : 0,
    "errorPct" : 0.0,
    "meanResTime" : 2.6999999999999997,
    "medianResTime" : 3.0,
    "minResTime" : 2.0,
    "maxResTime" : 4.0,
    "pct1ResTime" : 3.9000000000000004,
    "pct2ResTime" : 4.0,
    "pct3ResTime" : 4.0,
    "throughput" : 13.831258644536652,
    "receivedKBytesPerSec" : 5.254257434301522,
    "sentKBytesPerSec" : 1.5938364453665284
  },
  "main-1" : {
    "transaction" : "main-1",
    "sampleCount" : 10,
    "errorCount" : 0,
    "errorPct" : 0.0,
    "meanResTime" : 2.8,
    "medianResTime" : 3.0,
    "minResTime" : 2.0,
    "maxResTime" : 4.0,
    "pct1ResTime" : 4.0,
    "pct2ResTime" : 4.0,
    "pct3ResTime" : 4.0,
    "throughput" : 13.888888888888888,
    "receivedKBytesPerSec" : 44.59635416666667,
    "sentKBytesPerSec" : 1.6140407986111112
  },
  "Total" : {
    "transaction" : "Total",
    "sampleCount" : 68,
    "errorCount" : 5,
    "errorPct" : 7.352941,
    "meanResTime" : 43.54411764705882,
    "medianResTime" : 4.5,
    "minResTime" : 2.0,
    "maxResTime" : 212.0,
    "pct1ResTime" : 187.1,
    "pct2ResTime" : 193.64999999999998,
    "pct3ResTime" : 212.0,
    "throughput" : 71.88160676532769,
    "receivedKBytesPerSec" : 523.1154201902749,
    "sentKBytesPerSec" : 14.583402153805498
  },
  "main" : {
    "transaction" : "main",
    "sampleCount" : 10,
    "errorCount" : 0,
    "errorPct" : 0.0,
    "meanResTime" : 5.8999999999999995,
    "medianResTime" : 6.0,
    "minResTime" : 4.0,
    "maxResTime" : 9.0,
    "pct1ResTime" : 8.8,
    "pct2ResTime" : 9.0,
    "pct3ResTime" : 9.0,
    "throughput" : 13.793103448275861,
    "receivedKBytesPerSec" : 49.52855603448276,
    "sentKBytesPerSec" : 3.1923491379310347
  },
  "login-1" : {
    "transaction" : "login-1",
    "sampleCount" : 9,
    "errorCount" : 2,
    "errorPct" : 22.222221,
    "meanResTime" : 148.22222222222223,
    "medianResTime" : 184.0,
    "minResTime" : 14.0,
    "maxResTime" : 203.0,
    "pct1ResTime" : 203.0,
    "pct2ResTime" : 203.0,
    "pct3ResTime" : 203.0,
    "throughput" : 10.101010101010102,
    "receivedKBytesPerSec" : 202.0410265852974,
    "sentKBytesPerSec" : 1.8051609848484849
  },
  "Home Page" : {
    "transaction" : "Home Page",
    "sampleCount" : 10,
    "errorCount" : 0,
    "errorPct" : 0.0,
    "meanResTime" : 6.5,
    "medianResTime" : 4.0,
    "minResTime" : 2.0,
    "maxResTime" : 33.0,
    "pct1ResTime" : 30.20000000000001,
    "pct2ResTime" : 33.0,
    "pct3ResTime" : 33.0,
    "throughput" : 13.227513227513226,
    "receivedKBytesPerSec" : 42.64064566798942,
    "sentKBytesPerSec" : 1.808449074074074
  },
  "login-0" : {
    "transaction" : "login-0",
    "sampleCount" : 9,
    "errorCount" : 0,
    "errorPct" : 0.0,
    "meanResTime" : 5.0,
    "medianResTime" : 5.0,
    "minResTime" : 3.0,
    "maxResTime" : 7.0,
    "pct1ResTime" : 7.0,
    "pct2ResTime" : 7.0,
    "pct3ResTime" : 7.0,
    "throughput" : 12.534818941504177,
    "receivedKBytesPerSec" : 6.2796505048746525,
    "sentKBytesPerSec" : 3.0235354282729805
  },
  "login" : {
    "transaction" : "login",
    "sampleCount" : 10,
    "errorCount" : 3,
    "errorPct" : 30.0,
    "meanResTime" : 140.3,
    "medianResTime" : 186.5,
    "minResTime" : 19.0,
    "maxResTime" : 212.0,
    "pct1ResTime" : 210.3,
    "pct2ResTime" : 212.0,
    "pct3ResTime" : 212.0,
    "throughput" : 11.11111111111111,
    "receivedKBytesPerSec" : 229.20789930555554,
    "sentKBytesPerSec" : 4.467230902777778
  }
}